{
  "Version": 20,
  "Assets": [
    {
      "Url": "https://raw.githubusercontent.com/ensueno103/asset/main/UIRes/serveropcode.json",
      "FileName": "UIRes/serveropcode.json",
      "Hash": "080DB756F0830F2D4A3CB67BCC1AEE3AD6CB27BB"
    },
    {
      "Url": "https://raw.githubusercontent.com/ensueno103/asset/main/UIRes/clientopcode.json",
      "FileName": "UIRes/clientopcode.json",
      "Hash": "6BBA27EBFECD0FE90E2F5BCC89AD26C798E9BE69"
    },
    {
      "Url": "https://raw.githubusercontent.com/ensueno103/asset/main/UIRes/bannedplugin.json",
      "FileName": "UIRes/bannedplugin.json",
      "Hash": "1260745BA0061F7F494BD782DD92CBDD2CC58C02"
    },
    {
      "Url": "https://raw.githubusercontent.com/ensueno103/asset/main/UIRes/cheatplugin.json",
      "FileName": "UIRes/cheatplugin.json",
      "Hash": "A0B6262BA8CBCEC6FF4DEAF819C552474B6F8F2F"
    },
    {
      "Url": "https://raw.githubusercontent.com/ensueno103/asset/main/UIRes/NotoSansCJKjp-Medium.otf",
      "FileName": "UIRes/NotoSansCJKjp-Medium.otf",
      "Hash": "7334F0BADA3A7D52E1C642217EB7EA21BE700421"
    },
    {
      "Url": "https://raw.githubusercontent.com/ensueno103/asset/main/UIRes/NotoSansCJKsc-Medium.otf",
      "FileName": "UIRes/NotoSansCJKsc-Medium.otf",
      "Hash": "C8AC9E680749BF31536971BC51DB257DDBAF3E68"
    },
    {
      "Url": "https://raw.githubusercontent.com/ensueno103/asset/main/UIRes/NotoSansKR-Regular.otf",
      "FileName": "UIRes/NotoSansKR-Regular.otf",
      "Hash": "5F533D0D5CAF3847AFA2D78301E7B87B3485ECBC"
    },
    {
      "Url": "https://raw.githubusercontent.com/ensueno103/asset/main/UIRes/FontAwesomeFreeSolid.otf",
      "FileName": "UIRes/FontAwesomeFreeSolid.otf",
      "Hash": "4860698FEE75A5481CB00C744B7EB297ABDC455D"
    },
    {
      "Url": "https://raw.githubusercontent.com/ensueno103/asset/main/UIRes/Inconsolata-Regular.ttf",
      "FileName": "UIRes/Inconsolata-Regular.ttf",
      "Hash": "FBE9E14427D84CE3F25F4D6A8EF57F527DB5A154"
    },
    {
      "Url": "https://raw.githubusercontent.com/ensueno103/asset/main/UIRes/logo.png",
      "FileName": "UIRes/logo.png",
      "Hash": "0F6323DDFA3665639142252281D22C675D8CD617"
    },
    {
      "Url": "https://raw.githubusercontent.com/ensueno103/asset/main/UIRes/tsmShade.png",
      "FileName": "UIRes/tsmShade.png",
      "Hash": "AB7EE2E20955CDC4B98886BE7AEE962A98105D4B"
    },
    {
      "Url": "https://raw.githubusercontent.com/ensueno103/asset/main/UIRes/tsmLogo.png",
      "FileName": "UIRes/tsmLogo.png",
      "Hash": "DAC17EE20C63A0CD0C5040A8A900E3CA1B67C5CC"
    },
    {
      "Url": "https://raw.githubusercontent.com/ensueno103/asset/main/UIRes/defaultIcon.png",
      "FileName": "UIRes/defaultIcon.png",
      "Hash": "81185C2BCC5DF0B52B610187EB3B9671C7FB0568"
    },
    {
      "Url": "https://raw.githubusercontent.com/ensueno103/asset/main/UIRes/disabledIcon.png",
      "FileName": "UIRes/disabledIcon.png",
      "Hash": "3AFC19400A6475198503DCC25314BCBCDC03B929"
    },
    {
      "Url": "https://raw.githubusercontent.com/ensueno103/asset/main/UIRes/outdatedInstallableIcon.png",
      "FileName": "UIRes/outdatedInstallableIcon.png",
      "Hash": "BA96E817FE8EE2FCC976DEC986973C78BE3A37AE"
    },
    {
      "Url": "https://raw.githubusercontent.com/ensueno103/asset/main/UIRes/troubleIcon.png",
      "FileName": "UIRes/troubleIcon.png",
      "Hash": "82F7C168A9C712BFCBADD7CFD49060BBC446A634"
    },
    {
      "Url": "https://raw.githubusercontent.com/ensueno103/asset/master/UIRes/devPluginIcon.png",
      "FileName": "UIRes/devPluginIcon.png",
      "Hash": "DC33AC5B811D32815BCB4C4261563EFFE532638E"
    },
    {
      "Url": "https://raw.githubusercontent.com/ensueno103/asset/main/UIRes/updateIcon.png",
      "FileName": "UIRes/updateIcon.png",
      "Hash": "544DA1125ADC03D63610127DC76E1FC5175615D3"
    },
    {
      "Url": "https://raw.githubusercontent.com/ensueno103/asset/main/UIRes/installedIcon.png",
      "FileName": "UIRes/installedIcon.png",
      "Hash": "F9A7E334CB719CF36B265A212B3D32A4578429B4"
    },
    {
      "Url": "https://raw.githubusercontent.com/ensueno103/asset/main/UIRes/thirdIcon.png",
      "FileName": "UIRes/thirdIcon.png",
      "Hash": "2DFA794867B1ABFEFFF2923FF3C1E06801F9CBC1"
    },
    {
      "Url": "https://raw.githubusercontent.com/ensueno103/asset/master/UIRes/changelogApiBump.png",
      "FileName": "UIRes/changelogApiBump.png",
      "Hash": "16BB14DEF2AD9894C9DA37483A6B0B9AADFCD72D"
    },
    {
      "Url": "https://raw.githubusercontent.com/ensueno103/asset/main/UIRes/thirdInstalledIcon.png",
      "FileName": "UIRes/thirdInstalledIcon.png",
      "Hash": "05E2B4508517646F0FC4E55A821F9A990B2559F7"
    },
    {
      "Url": "https://raw.githubusercontent.com/ensueno103/asset/main/UIRes/missingFont.png",
      "FileName": "UIRes/missingFont.png",
      "Hash": "03846096156808E09075B819602298894EE2244F"
    },
    {
      "Url": "https://raw.githubusercontent.com/ensueno103/asset/main/UIRes/loc/dalamud/dalamud_de.json",
      "FileName": "UIRes/loc/dalamud/dalamud_de.json",
      "Hash": "7AEDCB1D130237A039B27E1D0C7D92748CC2B6CB"
    },
    {
      "Url": "https://raw.githubusercontent.com/ensueno103/asset/main/UIRes/loc/dalamud/dalamud_es.json",
      "FileName": "UIRes/loc/dalamud/dalamud_es.json",
      "Hash": "602D9771941AB6804BFB3B07FBE1B20B2CA8ADC8"
    },
    {
      "Url": "https://raw.githubusercontent.com/ensueno103/asset/main/UIRes/loc/dalamud/dalamud_fr.json",
      "FileName": "UIRes/loc/dalamud/dalamud_fr.json",
      "Hash": "E3ED268B72F89824A78E27535C64210F8C727B11"
    },
    {
      "Url": "https://raw.githubusercontent.com/ensueno103/asset/main/UIRes/loc/dalamud/dalamud_it.json",
      "FileName": "UIRes/loc/dalamud/dalamud_it.json",
      "Hash": "9FFDE1CB80351C0B0E0E8236DEBCCEA8D0E6E2A9"
    },
    {
      "Url": "https://raw.githubusercontent.com/ensueno103/asset/main/UIRes/loc/dalamud/dalamud_ja.json",
      "FileName": "UIRes/loc/dalamud/dalamud_ja.json",
      "Hash": "9CBE287B0F4AEEAEFD427A95AF7A5BB9141A54C0"
    },
    {
      "Url": "https://raw.githubusercontent.com/ensueno103/asset/main/UIRes/loc/dalamud/dalamud_ko.json",
      "FileName": "UIRes/loc/dalamud/dalamud_ko.json",
      "Hash": "C0B4D42D383C37DDEA3BD18D686011FFAA7E5823"
    },
    {
      "Url": "https://raw.githubusercontent.com/ensueno103/asset/main/UIRes/loc/dalamud/dalamud_nl.json",
      "FileName": "UIRes/loc/dalamud/dalamud_nl.json",
      "Hash": "3677DE20FE4AC00B041C30AA9D19BD575DE9A2B5"
    },
    {
      "Url": "https://raw.githubusercontent.com/ensueno103/asset/main/UIRes/loc/dalamud/dalamud_no.json",
      "FileName": "UIRes/loc/dalamud/dalamud_no.json",
      "Hash": "0D0280E008D256E8628864ED9722849ABA0E9579"
    },
    {
      "Url": "https://raw.githubusercontent.com/ensueno103/asset/main/UIRes/loc/dalamud/dalamud_pt.json",
      "FileName": "UIRes/loc/dalamud/dalamud_pt.json",
      "Hash": "2EE0EA50E4B764573216F696085F0904F1CAA404"
    },
    {
      "Url": "https://raw.githubusercontent.com/ensueno103/asset/main/UIRes/loc/dalamud/dalamud_ru.json",
      "FileName": "UIRes/loc/dalamud/dalamud_ru.json",
      "Hash": "0A15F49DDEB27D30B985A85F5A88312568E7F183"
    },
    {
      "Url": "https://raw.githubusercontent.com/ensueno103/asset/main/UIRes/loc/dalamud/dalamud_si.json",
      "FileName": "UIRes/loc/dalamud/dalamud_si.json",
      "Hash": "D542BBFE7FB0A073879FFFB771AAB098DB9476CB"
    },
    {
      "Url": "https://raw.githubusercontent.com/ensueno103/asset/main/UIRes/loc/dalamud/dalamud_sv.json",
      "FileName": "UIRes/loc/dalamud/dalamud_sv.json",
      "Hash": "8F42202DB0FEC6A5406A56E4D1B247CAEB4C37C1"
    },
    {
      "Url": "https://raw.githubusercontent.com/ensueno103/asset/main/UIRes/loc/dalamud/dalamud_tw.json",
      "FileName": "UIRes/loc/dalamud/dalamud_tw.json",
      "Hash": "D9E557320DCA404C5BAD66CACE19088DD8EAC437"
    },
    {
      "Url": "https://raw.githubusercontent.com/ensueno103/asset/main/UIRes/loc/dalamud/dalamud_ur.json",
      "FileName": "UIRes/loc/dalamud/dalamud_ur.json",
      "Hash": "D542BBFE7FB0A073879FFFB771AAB098DB9476CB"
    },
    {
      "Url": "https://raw.githubusercontent.com/ensueno103/asset/main/UIRes/loc/dalamud/dalamud_zh.json",
      "FileName": "UIRes/loc/dalamud/dalamud_zh.json",
      "Hash": "EC9F4E6560DB009C7147859A033C70A89100F576"
    }
  ]
}
